,player_pieces,ai_pieces,empty_cells,material_diff,label
player_pieces,1.0,0.9560285020839427,-0.9890336487933014,0.17426260232510637,
ai_pieces,0.9560285020839427,1.0,-0.988858065316857,-0.1221864350156405,
empty_cells,-0.9890336487933014,-0.988858065316857,1.0,-0.026920998706380418,
material_diff,0.17426260232510637,-0.1221864350156405,-0.026920998706380418,1.0,
label,,,,,
